speaker,n_comments,mean_score,pct_awry
yyzjertl,324,15.08,41.4
I_am_the_night,313,15.82,55.6
Ansuz07,283,57.51,52.7
Iswallowedafly,279,10.91,59.5
GnosticGnome,261,23.65,29.9
PreacherJudge,255,38.46,40.8
fox-mcleod,254,65.4,53.1
Hellioning,232,49.58,42.7
edwardlleandre,225,52.56,67.1
Mitoza,213,5.74,66.2
MercurianAspirations,200,49.4,40.5
LucidMetal,192,17.59,55.7
hacksoncode,182,44.09,46.2
scottevil110,178,53.77,44.9
cdb03b,168,17.64,47.6
iwfan53,165,22.41,29.1
waldrop02,161,12.47,47.2
championofobscurity,154,22.64,57.8
miguelguajiro,154,32.72,36.4
vettewiz,153,6.29,56.2
dublea,149,39.44,45
10ebbor10,141,77.78,40.4
radialomens,141,14.01,50.4
3720-To-One,135,20.44,48.1
forestfly1234,133,5.41,59.4
ralph-j,130,13.6,30
BenIncognito,129,23.47,54.3
Burflax,128,21.38,50
Hq3473,128,15.84,59.4
SC803,121,13.88,56.2
Grunt08,120,21.78,73.3
Milskidasith,117,38.95,41
Genoscythe_,114,69.8,36.8
Love_Shaq_Baby,114,16.75,48.2
barbodelli,114,6.84,50.9
Sheexthro,113,2.73,59.3
Thoth_the_5th_of_Tho,112,12.2,36.6
McKoijion,111,37.23,42.3
Kirbyoto,110,53.65,58.2
muyamable,110,52.93,52.7
Rainbwned,106,75.27,29.2
TripRichert,105,39.27,35.2
gothpunkboy89,103,13.47,54.4
tbdabbholm,103,33.4,31.1
in_cavediver,102,22.28,44.1
destro23,101,83.5,46.5
Z7-852,99,41.06,48.5
Huntingmoa,97,5.34,39.2
drpussycookermd,97,27.45,54.6
moonflower,97,3.96,60.8
CoyotePatronus,94,5.12,74.5
nowthatsucks,92,6.16,48.9
Helpfulcloning,91,50.54,28.6
Tibaltdidnothinwrong,91,82.99,45.1
mfDandP,89,24.73,16.9
Biptoslipdi,88,38.74,71.6
jt4,88,42.47,37.5
PrimeLegionnaire,87,22.31,74.7
iamintheforest,87,53.09,28.7
prollywannacracker,87,66.95,51.7
IwasBlindedbyscience,85,11.86,63.5
NotMyBestMistake,85,43.49,70.6
AnythingApplied,84,74.46,40.5
Subtleiaint,84,6.79,42.9
Morthra,83,7.88,66.3
Gladix,82,24.4,45.1
cupcakesarethedevil,81,14.95,30.9
malachai926,81,13,63
TheVioletBarry,80,14.82,58.8
DrinkyDrank,79,15.44,50.6
BolshevikMuppet,78,21.59,64.1
Havenkeld,78,21.78,37.2
Madplato,77,11.71,27.3
NearEmu,77,2.52,66.2
Glory2Hypnotoad,76,53.01,26.3
Nepene,75,14.48,60
Prinnyramza,75,1.92,62.7
TuskaTheDaemonKilla,75,71.11,52
JohnReese20,74,10.99,37.8
Salanmander,74,32.16,37.8
Morasain,72,42.5,43.1
Nicolasv2,72,31.21,59.7
Tino_,72,12.6,40.3
Vesurel,72,15.88,29.2
thinkingpains,72,22.62,43.1
Bladefall,71,30.72,53.5
CrinkleLord,71,7.01,38
Craftsmaniac,70,2.59,88.6
DHCKris,70,22.87,37.1
MasterGrok,70,23.86,48.6
chadonsunday,70,25.04,48.6
morerandom2020,70,-0.07,50
MuaddibMcFly,69,11.54,76.8
Presentalbion,69,17.14,52.2
cacheflow,69,57.8,47.8
sailorbrendan,69,47.13,23.2
Arguetur,68,1.34,52.9
GameOfSchemes,67,1.21,62.7
Long-Rate-445,67,3.78,70.1
Poo-et,67,64.04,46.3
huadpe,67,84.43,44.8
caw81,66,25.61,34.8
jatjqtjat,66,60.02,24.2
Det_,65,9.71,36.9
caine269,65,7.68,56.9
professorcap987,65,32.49,40
speedyjohn,65,12.86,64.6
Lagkiller,64,6.36,78.1
VVillyD,64,123.97,54.7
anonoman925,64,7.61,40.6
thetasigma4,64,9.31,46.9
MMAchica,63,3.65,54
ShiningConcepts,63,10.35,39.7
joopface,63,97,36.5
toldyaso,63,1,60.3
Feathring,62,18.65,37.1
MontiBurns,62,15.11,54.8
Prepure_Kaede,62,2.94,50
ElysiX,61,21.28,54.1
HijacksMissiles,61,23.48,67.2
bguy74,61,18.79,75.4
Bookwrrm,60,6.35,73.3
CheesecakeMedium8500,60,8.28,80
parentheticalobject,60,22.98,36.7
sapphireminds,60,58.08,28.3
SuckMyBike,59,9.08,25.4
VertigoOne,59,28.78,37.3
xmuskorx,59,79.54,64.4
AloysiusC,58,2.55,55.2
AlwaysABride,58,11.19,41.4
Ardonpitt,58,6.95,65.5
sawdeanz,58,14.02,20.7
ArmchairSlacktavist,57,16.86,70.2
ItsPandatory,57,14.86,47.4
KevinWester,57,46.95,40.4
Slothjitzu,57,66.19,45.6
CyberneticWhale,56,5.82,32.1
ServingSailor,56,-0.55,50
cherrycokeicee,56,50.02,30.4
mrgoodnighthairdo,56,22.34,57.1
thethoughtexperiment,56,100.16,26.8
Eng_Queen,55,12.15,38.2
LetMeNotHear,55,36.42,56.4
needletothebar,55,2.78,50.9
ToucanPlayAtThatGame,54,29.28,51.9
ZeusThunder369,54,29.52,38.9
dantheman91,54,50.81,50
dudemanwhoa,54,20.74,53.7
page0rz,54,12.76,59.3
Babou_FoxEarAHole,53,15.94,71.7
DjangoUBlackBastard,53,10.08,67.9
PmMeYourDaddy-Issues,53,6.89,60.4
darwin2500,53,51.77,49.1
generic1001,53,17.55,52.8
2r1t,52,27.37,48.1
UncleMeat11,52,31.56,61.5
z3r0shade,52,4.83,63.5
Crafty_Possession_52,51,6.63,54.9
Narrow_Cloud,51,54.24,64.7
NetrunnerCardAccount,51,47.8,43.1
Sirhc978,51,85.9,31.4
cowfishAreReal,51,60.53,58.8
jennysequa,51,33.84,51
tammy-hell,51,6.53,70.6
-AragornElessar-,50,13.56,50
Giblette101,50,10.6,24
GodoftheCopyBooks,50,5.46,78
barthiebarth,50,58.58,72
breckenridgeback,50,23.22,62
direwolf106,50,9.8,68
gremy0,50,63.72,72
jzpenny,50,23.56,50
ACrusaderA,49,14.49,46.9
Major_Lennox,49,5.43,85.7
badoosh123,49,3.45,28.6
colt707,49,4.92,22.4
garnteller,49,115.08,69.4
laconicflow,49,10.41,36.7
riobrandos,49,10.35,67.3
Fit-Order-9468,48,17.1,66.7
Nephisimian,48,25.54,35.4
foot_kisser,48,9.19,50
incruente,48,5,29.2
kublahkoala,48,69.69,31.2
pillbinge,48,10.62,60.4
silverionmox,48,1.46,58.3
dickposner,47,10.81,72.3
hmmwill,47,26.62,55.3
notasnerson,47,18.77,61.7
on_my_lunch_break,47,8.98,70.2
projectaskban,47,9.45,44.7
zuluportero,47,49.23,34
MysticInept,46,45.78,37
RuroniHS,46,31.96,71.7
Shiboleth17,46,2.96,60.9
hashtagboosted,46,11.59,34.8
natha105,46,42.35,45.7
qwertx0815,46,2.96,71.7
s_wipe,46,49.39,39.1
tkyjonathan,46,1.76,45.7
Canada_Constitution,45,55.91,48.9
Littlepush,45,13.82,33.3
ProfessorHeartcraft,45,1.91,86.7
WeepingAngelTears,45,2.42,60
posnfen,45,0.53,44.4
thisdamnhoneybadger,45,3.91,42.2
DBDude,44,3.32,47.7
Hugogs10,44,16.57,75
Intrepid-Client9449,44,0.95,56.8
LysenkoistReefer,44,13.73,27.3
Sagasujin,44,99.07,36.4
Turbo_Donut,44,2.91,45.5
teerre,44,11.34,59.1
tomgabriele,44,6,63.6
47ca05e6209a317a8fb3,43,76.51,44.2
BackAlleySurgeon,43,8.65,48.8
BuddhaPunch1,43,20.12,44.2
Madauras,43,49.6,39.5
Puddinglax,43,14.84,53.5
World_Spank_Bank,43,3.28,34.9
YourViewisBadFaith,43,39.93,86
be_decent_today,43,-0.09,46.5
beer_demon,43,7.77,76.7
icecoldbath,43,5.02,41.9
renoops,43,14.35,55.8
sclsmdsntwrk,43,1.33,41.9
Clouds_are_wet,42,1.71,57.1
Personage1,42,18.88,71.4
Throwaway00000000028,42,8.88,59.5
anewleaf1234,42,34.29,38.1
badabinglove,42,-0.29,52.4
beer2daybong2morrow,42,5.95,47.6
verylittlefinger,42,10.24,73.8
BingBlessAmerica,41,58.27,36.6
BlitzBasic,41,10.93,36.6
Darq_At,41,7.17,29.3
Roller95,41,8.12,31.7
SeymoreButz38,41,1.37,53.7
TheFakeChiefKeef,41,84.95,46.3
WolfBatMan,41,12.61,39
cat_of_danzig,41,9.73,53.7
eggynack,41,12.39,43.9
empurrfekt,41,111.22,46.3
illerThanTheirs,41,9.24,53.7
stubble3417,41,38.83,22
Lox-droplet,40,2.12,57.5
draculabakula,40,4.82,50
icedpickles,40,1.48,50
jumpup,40,62.38,37.5
plushiemancer,40,4.75,67.5
vl99,40,13.45,32.5
